{"schemaVersion":"1.0","appDefinitionTemplate":{"id":"/providers/Microsoft.PowerApps/apps/","type":"Microsoft.PowerApps/apps","tags":{"minimumRequiredApiVersion":"2.2.0"},"properties":{"appVersion":"2018-06-18T06:16:18Z","lifeCycleId":"Published","createdByClientVersion":{"major":3,"minor":18062,"build":23,"revision":0,"majorRevision":0,"minorRevision":0},"minClientVersion":{"major":3,"minor":18062,"build":23,"revision":0,"majorRevision":0,"minorRevision":0},"backgroundColor":"rgba(81, 92, 107, 1)","backgroundImageUri":"/17607404334078196097/N3f4f05ef-8a53-44b9-aaca-8f3520750495-logoSmallFile","displayName":"SharePoint Images in PowerApps Pumped Up","description":"SharePoint Images in PowerApps Pumped Up\nBrian Edwards\nbrian.edwards@powerapps.online","appUris":{"documentUri":{"value":"/17607404334078196097/N47a8061b-318f-4e8d-a677-1e9c28826478-document.msapp","readonlyValue":"/17607404334078196097/N47a8061b-318f-4e8d-a677-1e9c28826478-document.msapp"},"imageUris":[]},"createdTime":"0001-01-01T00:00:00Z","lastModifiedTime":"0001-01-01T00:00:00Z","sharedGroupsCount":0,"sharedUsersCount":0,"icons":{"smallIconUri":"/17607404334078196097/Ncdd5cd78-c66b-4a1e-8e4b-e8064ba52f68-small.png","mediumIconUri":"/17607404334078196097/Nc83e648c-0a47-4513-8009-1073edfaf664-medium.png","largeIconUri":"/17607404334078196097/Nd3a255da-341e-431e-b6fd-b7a2b87d0850-large.png","wideIconUri":"/17607404334078196097/Nf69bae19-8672-4372-90ec-9866d0f6be48-wide.png"},"connectionReferences":{"409667c6-9e6e-4af9-bbe7-0f52cc50eb96":{"id":"82fdad28-4ca5-4b25-993e-6ef98cbf86f3","displayName":"SharePoint","iconUri":"https://connectoricons-prod.azureedge.net/sharepointonline/icon_1.0.1008.1183.png","dataSources":["Site Assets"],"dependencies":[],"dependents":["b73829f5-2a11-43f0-a899-5b9783f03610"],"parameterHints":{},"isOnPremiseConnection":false,"bypassConsent":false,"dataSets":{"https://365allup.sharepoint.com/sites/PowerApps":{"dataSources":{"Site Assets":{"tableName":"Site Assets"}}}},"apiTier":"Standard"},"b73829f5-2a11-43f0-a899-5b9783f03610":{"id":"6211c9b0-1700-45f9-a6e3-e953e5b9caec","displayName":"Logic flows","iconUri":"https://resourcestackdeploy.blob.core.windows.net/scripts/13276078.png","dataSources":["PowerApps-SPOImages"],"dependencies":["409667c6-9e6e-4af9-bbe7-0f52cc50eb96"],"dependents":[],"parameterHints":{"workflowName":{"value":"aea4813b-32a8-48ab-851e-6bd119485d7f"},"409667c6-9e6e-4af9-bbe7-0f52cc50eb96":{"value":"shared_sharepointonline"}},"isOnPremiseConnection":false,"bypassConsent":false,"dataSets":{},"apiTier":"Standard"}},"entityReferences":{}}}}