{"schemaVersion":"1.0","appDefinitionTemplate":{"id":"/providers/Microsoft.PowerApps/apps/","type":"Microsoft.PowerApps/apps","tags":{"minimumRequiredApiVersion":"2.2.0"},"properties":{"appVersion":"2018-06-22T04:56:09Z","lifeCycleId":"Published","createdByClientVersion":{"major":3,"minor":18062,"build":26,"revision":0,"majorRevision":0,"minorRevision":0},"minClientVersion":{"major":3,"minor":18062,"build":26,"revision":0,"majorRevision":0,"minorRevision":0},"backgroundColor":"rgba(105, 180, 69, 1)","backgroundImageUri":"/530647172245446590/Ndedc605a-b23f-4454-a838-4e16f528470d-logoSmallFile","displayName":"SharePoint Images Super Sized (Landscape)","description":"SharePoint Images in PowerApps Super Sized (Landscape)\nBrian Edwards\nbrian.edwards@powerapps.online","appUris":{"documentUri":{"value":"/530647172245446590/N4c83a836-da0e-4255-9346-aba1e666536a-document.msapp","readonlyValue":"/530647172245446590/N4c83a836-da0e-4255-9346-aba1e666536a-document.msapp"},"imageUris":[]},"createdTime":"0001-01-01T00:00:00Z","lastModifiedTime":"0001-01-01T00:00:00Z","sharedGroupsCount":0,"sharedUsersCount":0,"icons":{"smallIconUri":"/530647172245446590/N61e69446-426d-47eb-833d-504c345d072b-small.png","mediumIconUri":"/530647172245446590/N4d7a9efd-93bf-4d2f-84b9-b8b7b29498f8-medium.png","largeIconUri":"/530647172245446590/N00e8c88c-63a0-4e73-813f-91419290ba2c-large.png","wideIconUri":"/530647172245446590/N514056d9-17a9-4958-8d73-9138d39e537b-wide.png"},"connectionReferences":{"7d202e89-46e1-4d90-ad71-182f2aa23d08":{"id":"82fdad28-4ca5-4b25-993e-6ef98cbf86f3","displayName":"SharePoint","iconUri":"https://connectoricons-prod.azureedge.net/sharepointonline/icon_1.0.1008.1183.png","dataSources":["Site Assets"],"dependencies":[],"dependents":["a9126d59-3917-4cde-b1c4-ab116a6369d9"],"parameterHints":{},"isOnPremiseConnection":false,"bypassConsent":false,"dataSets":{"https://365allup.sharepoint.com/sites/PowerApps":{"dataSources":{"Site Assets":{"tableName":"Site Assets"}}}},"apiTier":"Standard"},"a9126d59-3917-4cde-b1c4-ab116a6369d9":{"id":"6211c9b0-1700-45f9-a6e3-e953e5b9caec","displayName":"Logic flows","iconUri":"https://resourcestackdeploy.blob.core.windows.net/scripts/13276078.png","dataSources":["PowerApps-SPOImages"],"dependencies":["7d202e89-46e1-4d90-ad71-182f2aa23d08"],"dependents":[],"parameterHints":{"workflowName":{"value":"aea4813b-32a8-48ab-851e-6bd119485d7f"},"7d202e89-46e1-4d90-ad71-182f2aa23d08":{"value":"shared_sharepointonline"}},"isOnPremiseConnection":false,"bypassConsent":false,"dataSets":{},"apiTier":"Standard"}},"entityReferences":{}}}}